id,task,result,ts
r0,bootstrap,ok,0
r1,task1,ok,0
r2,task2,ok,1772306442.8681617
r2,task2,ok,1772306442.8681617
r2,task2,pwn,1772306464.7016978
r2,task2,ok,1772308480.2359307
