id,task,result,ts
r0,bootstrap,ok,0
r1,task1,ok,0
r2,task2,ok,1772139189.387935
r2,task2,ok,1772140753.107514
r2,task2,ok,1772205130.3824239
r2,task2,ok,1772213050.0561101
r2,task2,ok,1772213053.8128774
