id,task,result,ts
r0,bootstrap,ok,1772001107.0068765
r1,task1,ok,1772001107.0068766
r2,task2,ok,1772001107.0068767
r3,task2,ok,1772001122.5585072
r4,task2,ok,1772001157.9483445
r5,task2,ok,1772002537.8273163
r6,task2,ok,1772002578.1307094
r7,task2,pwn,1772009682.400618
r8,task2,ok,1772009774.3420951
r9,task2,ok,1772009858.1372058

r2,task2,ok,1772048990.3598638
