{
  "device-A": {
    "W_sha256": "1f5f4da9ed602b563ee0bcd0316b12930ef9875fdf93539a5d2634c005670560",
    "rotated_at": 1759576955.406569,
    "seen_at": 1759576073.0819404
  }
}